{
    "name": "Twitter Heat Map Layer",
    "description": "Twitter Heat Map Layer",
    "tilesize": 256,
    "scheme": "TMS",
    "projection": "EPSG:900913",
    "minzoom": 0,
    "maxzoom": 8,
    "bounds": [
        -180,
        -85.0511287798066,
        180,
        85.0511287798066
    ],
    "meta": {
        "levelMaxFreq": {
            "0": 12559254,
            "1": 12164507,
            "2": 8976573,
            "3": 5596476,
            "4": 2775938,
            "5": 2775927,
            "6": 2775743,
            "7": 2775743,
            "8": 2775743
        }
    }
}